id;included;order_index
c3368bf1-88da-456b-a155-55d22a44078e;false;5302
341ebc75-2f75-4d7d-919d-0250df029ab3;false;8748
614ae468-5893-49e2-88a3-066adfa8b4bc;true;11826
2579fae2-d6f1-44e3-942d-9726a1dab6af;true;24813
4494454e-7053-470a-8ba9-afd0df1c7b50;false;7938
6d8670bf-8c51-432a-867c-4c6ae5b8defc;true;16128
fce8be4b-c48d-4925-96af-7b03d32367c2;true;3618
fcbdd3d0-142b-44f4-befa-ba38280f7ef5;false;3518
8bda135e-b6a3-4f15-8e17-0706f82031a4;false;2072
d2c505bf-7b70-458f-9edc-5c693c9d1a94;false;31505
